<?xml version='1.0' encoding='ISO-8859-1'?>
<?xml-stylesheet type='text/xsl' href='style/cat.xsl'?>
<docs>
<cat value='Plugins'>
<cat value='Accordion'>
<method cat='Plugins/Accordion' type='jQuery' see='activate(Number)' short='Make the selected elements Accordion widgets.' name='Accordion'>
<options type='String|Element|jQuery|Boolean' name='active'>
<desc>Selector for the active element, default is the first child, set to false to display none at start</desc>
</options>
<options type='String|Element|jQuery' name='header'>
<desc>Selector for the header element, eg. div.title, a.head, default is the first child's tagname</desc>
</options>
<options type='String|Number' name='showSpeed'>
<desc>Speed for the slideIn, default is 'normal' (for numbers: smaller = faster)</desc>
</options>
<options type='String|Number' name='hideSpeed'>
<desc>Speed for the slideOut, default is 'normal' (for numbers: smaller = faster)</desc>
</options>
<options type='String' name='selectedClass'>
<desc>Class for active header elements, default is 'selected'</desc>
</options>
<options type='Boolean' name='alwaysOpen'>
<desc>Whether there must be one content element open, default is true.</desc>
</options>
<options type='Boolean' name='animated'>
<desc>Set to false to disable animations. Default: true</desc>
</options>
<options type='String' name='event'>
<desc>The event on which to trigger the accordion, eg. "mouseover". Default: "click"</desc>
</options>
<options type='Boolean' name='cloneFirst'>
<desc>Use this for a navigation menu where the header element must be available as a selectable target, see related example for more details</desc>
</options>
<desc>Make the selected elements Accordion widgets.

This is very similar to the Squeezebox widget, only that there
can be only one open element.

Semantic requirements:

If the structure of your container is flat with unique
tags for header and content elements, eg. a definition list
(dl &gt; dt + dd), you don't have to specify any options at
all.

If your structure uses the same elements for header and
content or uses some kind of nested structure, you have to
specify the header elements, eg. via class, see the second example.

Use activate(Number) to change the active content programmatically.

A change event is triggered everytime the accordion changes. Apart from
the event object, all arguments are jQuery objects.
Arguments: event, newHeader, oldHeader, newContent, oldContent</desc>
<params type='Map' name='options'>
<desc>key/value pairs of optional settings.</desc>
</params>
<examples>
<desc>Creates an Accordion from the given definition list</desc>
<code>jQuery('#nav').Accordion();</code>
<before>&lt;dl id="nav"&gt;
  &lt;dt&gt;Header 1&lt;/dt&gt;
  &lt;dd&gt;Content 1&lt;/dd&gt;
  &lt;dt&gt;Header 2&lt;/dt&gt;
  &lt;dd&gt;Content 2&lt;/dd&gt;
&lt;/dl&gt;</before>
</examples>
<examples>
<desc>Creates an Accordion from the given div structure</desc>
<code>jQuery('#nav').Accordion({
  header: 'div.title'
});</code>
<before>&lt;div id="nav"&gt;
 &lt;div&gt;
   &lt;div class="title"&gt;Header 1&lt;/div&gt;
   &lt;div&gt;Content 1&lt;/div&gt;
 &lt;/div&gt;
 &lt;div&gt;
   &lt;div class="title"&gt;Header 2&lt;/div&gt;
   &lt;div&gt;Content 2&lt;/div&gt;
 &lt;/div&gt;
&lt;/div&gt;</before>
</examples>
<examples after='&lt;ul id="nav"&gt;
  &lt;li&gt;
    &lt;a class="head" href=""&gt;Books&lt;/a&gt;
    &lt;ul&gt;
      &lt;li&gt;&lt;a href="books/"&gt;Books&lt;/a&gt;&lt;/li&gt;
      &lt;li&gt;&lt;a href="books/fantasy/"&gt;Fantasy&lt;/a&gt;&lt;/li&gt;
      &lt;li&gt;&lt;a href="books/programming/"&gt;Programming&lt;/a&gt;&lt;/li&gt;
    &lt;/ul&gt;
  &lt;/li&gt;
  &lt;li&gt;
    &lt;a class="head" href=""&gt;Movies&lt;/a&gt;
    &lt;ul&gt;
      &lt;li&gt;&lt;a href="movies/"&gt;Movies&lt;/a&gt;
      &lt;li&gt;&lt;a href="movies/fantasy/"&gt;Fantasy&lt;/a&gt;&lt;/li&gt;
      &lt;li&gt;&lt;a href="movies/programming/"&gt;Programming&lt;/a&gt;&lt;/li&gt;
    &lt;/ul&gt;
  &lt;/li&gt;
&lt;/ul&gt;'>
<desc>Creates an Accordion from the given navigation list, cloning the header element to produce a clickable
link. The class as specified in the header selector is removed from the cloned element. Currently this works
only with the above structure, the header must be an anchor followed by a list.</desc>
<before>&lt;ul id="nav"&gt;
  &lt;li&gt;
    &lt;a class="head" href="books/"&gt;Books&lt;/a&gt;
    &lt;ul&gt;
      &lt;li&gt;&lt;a href="books/fantasy/"&gt;Fantasy&lt;/a&gt;&lt;/li&gt;
      &lt;li&gt;&lt;a href="books/programming/"&gt;Programming&lt;/a&gt;&lt;/li&gt;
    &lt;/ul&gt;
  &lt;/li&gt;
  &lt;li&gt;
    &lt;a class="head" href="movies/"&gt;Movies&lt;/a&gt;
    &lt;ul&gt;
      &lt;li&gt;&lt;a href="movies/fantasy/"&gt;Fantasy&lt;/a&gt;&lt;/li&gt;
      &lt;li&gt;&lt;a href="movies/programming/"&gt;Programming&lt;/a&gt;&lt;/li&gt;
    &lt;/ul&gt;
  &lt;/li&gt;
&lt;/ul&gt;</before>
<code>jQuery('#nav').Accordion({
  header: '.head',
	 cloneFirst: true
});</code>
</examples>
<examples>
<desc>Updates the element with id status with the text of the selected header every time the accordion changes</desc>
<code>jQuery('#accordion').Accordion().change(function(event, newHeader, oldHeader, newContent, oldContent) {
  jQuery('#status').html(newHeader.text());
});</code>
</examples>
</method>
<method cat='Plugins/Accordion' type='jQuery' short='Activate a content part of the Accordion programmatically.' name='activate'>
<desc>Activate a content part of the Accordion programmatically.

The index can be a zero-indexed number to match the position of the header to close
or a string expression matching an element.</desc>
<params type='String|Number' name='index'>
<desc>(optional) An Integer specifying the zero-based index of the content to be activated or an expression specifying the element to close. Default: closes all.</desc>
</params>
<examples>
<desc>Activate the second content of the Accordion contained in &lt;div id="accordion"&gt;.</desc>
<code>jQuery('#accordion').activate(1);</code>
</examples>
<examples>
<desc>Activate the first element matching the given expression.</desc>
<code>jQuery('#accordion').activate("a:first");</code>
</examples>
<examples>
<desc>Close all content parts of the accordion.</desc>
<code>jQuery('#nav').activate();</code>
</examples>
</method>
<method cat='Plugins/Accordion' type='jQuery' short='Override the default settings of the Accordion.' name='jQuery.Accordion.setDefaults'>
<desc>Override the default settings of the Accordion. Affects only following plugin calls.</desc>
<params type='Map' name='options'>
<desc>key/value pairs of optional settings, see Accordion() for details</desc>
</params>
<examples>
<code>jQuery.Accordion.setDefaults({
	showSpeed: 1000,
	hideSpeed: 150
});</code>
</examples>
</method>
</cat>
<cat value='Autocomplete'>
<method cat='Plugins/Autocomplete' type='jQuery' short='Provide autocomplete for text-inputs or textareas.' name='autocomplete'>
<options type='String' name='inputClass'>
<desc>This class will be added to the input box. Default: "ac_input"</desc>
</options>
<options type='String' name='resultsClass'>
<desc>The class for the UL that will contain the result items (result items are LI elements). Default: "ac_results"</desc>
</options>
<options type='String' name='loadingClass'>
<desc>The class for the input box while results are being fetched from the server. Default: "ac_loading"</desc>
</options>
<options type='Number' name='minChars'>
<desc>The minimum number of characters a user has to type before the autocompleter activates. Default: 1</desc>
</options>
<options type='Number' name='delay'>
<desc>The delay in milliseconds the autocompleter waits after a keystroke to activate itself. Default: 400 for remote, 10 for local</desc>
</options>
<options type='Number' name='cacheLength'>
<desc>The number of backend query results to store in cache. If set to 1 (the current result), no caching will happen. Do not set below 1. Default: 10</desc>
</options>
<options type='Boolean' name='matchSubset'>
<desc>Whether or not the autocompleter can use a cache for more specific queries. This means that all matches of "foot" are a subset of all matches for "foo". Usually this is true, and using this options decreases server load and increases performance. Only useful with cacheLength settings bigger then one, like 10. Default: true</desc>
</options>
<options type='Boolean' name='matchCase'>
<desc>Whether or not the comparison is case sensitive. Only important only if you use caching. Default: false</desc>
</options>
<options type='Boolean' name='matchContains'>
<desc>Whether or not the comparison looks inside (i.e. does "ba" match "foo bar") the search results. Only important if you use caching. Don't mix with autofill. Default: false</desc>
</options>
<options type='Booolean' name='mustMatch'>
<desc>If set to true, the autocompleter will only allow results that are presented by the backend. Note that illegal values result in an empty input box. Default: false</desc>
</options>
<options type='Object' name='extraParams'>
<desc>Extra parameters for the backend. If you were to specify { bar:4 }, the autocompleter would call my_autocomplete_backend.php?q=foo&amp;bar=4 (assuming the input box contains "foo"). Default: {}</desc>
</options>
<options type='Boolean' name='selectFirst'>
<desc>If this is set to true, the first autocomplete value will be automatically selected on tab/return, even if it has not been handpicked by keyboard or mouse action. If there is a handpicked (highlighted) result, that result will take precedence. Default: true</desc>
</options>
<options type='Function|Boolean' name='formatItem'>
<desc>Provides advanced markup for an item. For each row of results, this function will be called. If false is returned, the row is skipped. Otherwise the returned value will be displayed inside an LI element in the results list. Autocompleter will provide 3 parameters: the results row, the position of the row in the list of results (starting at 1), and the number of items in the list of results. Default: none, assumes that a single row contains a single value.</desc>
</options>
<options type='Function' name='formatResult'>
<desc>Similar to formatResult, but provides the formatting for the value to be put into the input field. Again three arguments: Data, position (starting with one) and total number of data. Default: none, assumes either plain data to use as result or uses the same value as provided by formatItem.</desc>
</options>
<options type='Boolean' name='multiple'>
<desc>Whether to allow more then one autocomplted-value to enter. Default: false</desc>
</options>
<options type='String' name='multipleSeparator'>
<desc>Seperator to put between values when using multiple option. Default: ", "</desc>
</options>
<options type='Number' name='width'>
<desc>Specify a custom width for the select box. Default: width of the input element</desc>
</options>
<options type='Boolean' name='autoFill'>
<desc>Fill the textinput while still selecting a value, replacing the value if more is type or something else is selected. Default: false</desc>
</options>
<options type='Number' name='max'>
<desc>Limit the number of items in the select box. Is also send as a "limit" parameter with a remote request. Default: 10</desc>
</options>
<options type='Boolean|Function' name='highlight'>
<desc>Whether and how to highlight matches in the select box. Set to false to disable. Set to a function to customize. The function gets the value as the first argument and the search term as the second and must return the formatted value. Default: Wraps the search term in a &lt;strong&gt; element</desc>
</options>
<options type='Boolean|String' name='moreItems'>
<desc>Whether or not to show the "more items" text if there are more items than are currently be displayed. Set to false to disable. Set to a string to customize the html. Default: Displays "more", surrounded with three arrows.</desc>
</options>
<desc>Provide autocomplete for text-inputs or textareas.

Depends on dimensions plugin's offset method for correct positioning of the select box and bgiframe plugin
to fix IE's problem with selects.</desc>
<params type='String|Array' name='urlOrData'>
<desc>Pass either an URL for remote-autocompletion or an array of data for local auto-completion</desc>
</params>
<params type='Map' name='options'>
<desc>Optional settings</desc>
</params>
<examples>
<desc>Autocomplete a text-input with remote data. For small to giant datasets.

When the user starts typing, a request is send to the specified backend ("my_autocomplete_backend.php"),
with a GET parameter named q that contains the current value of the input box and a paremeter "limit" with
the value specified for the max option.

A value of "foo" would result in this request url: my_autocomplete_backend.php?q=foo&amp;limit=10

The result must return with one value on each line. The result is presented in the order
the backend sends it.</desc>
<code>$("#input_box").autocomplete("my_autocomplete_backend.php");</code>
<before>&lt;input id="input_box" /&gt;</before>
</examples>
<examples>
<desc>Autcomplete a text-input with local data. For small datasets.</desc>
<code>$("#input_box").autocomplete(["Cologne", "Berlin", "Munich"]);</code>
<before>&lt;input id="input_box" /&gt;</before>
</examples>
<examples>
<desc>Autcomplete a text-input with data received via AJAX. For small to medium sized datasets.</desc>
<code>$.getJSON("my_backend.php", function(data) {
  $("#input_box").autocomplete(data);
});</code>
<before>&lt;input id="input_box" /&gt;</before>
</examples>
<examples>
<desc>Autcomplete a textarea with local data (for small datasets). Once the user chooses one
value, a separator is appended (by default a comma, see multipleSeparator option) and more values
are autocompleted.</desc>
<code>$("#mytextarea").autocomplete(["Cologne", "Berlin", "Munich"], {
 multiple: true
});</code>
<before>&lt;textarea id="mytextarea" /&gt;</before>
</examples>
</method>
<method cat='Plugins/Autocomplete' type='jQuery' short='Handle the result of a search event.' name='result'>
<desc>Handle the result of a search event. Is executed when the user selects a value or a
programmatic search event is triggered (see search()).

You can add and remove (using unbind("result")) this event at any time.</desc>
<params type='Function' name='handler'>
<desc>The event handler, gets a default event object as first and the selected list item as second argument.</desc>
</params>
<examples>
<desc>Bind a handler to the result event to display the selected value in a #result element.
   The first argument is a generic event object, in this case with type "result".
   The second argument refers to the selected data, which can be a plain string value or an array or object.
   The third argument is the formatted value that is inserted into the input field.</desc>
<code>jQuery('input#suggest').result(function(event, data, formatted) {
  jQuery("#result").html( !data ? "No match!" : "Selected: " + formatted);
});</code>
</examples>
</method>
<method cat='Plugins/Autocomplete' type='jQuery' short='Trigger a search event.' name='search'>
<desc>Trigger a search event. See result(Function) for binding to that event.

A search event mimics the same behaviour as when the user selects a value from
the list of autocomplete items. You can use it to execute anything that does something
with the selected value, beyond simply putting the value into the input and submitting it.</desc>
<examples>
<desc>Triggers a search event.</desc>
<code>jQuery('input#suggest').search();</code>
</examples>
</method>
<method cat='Plugins/Autocomplete' type='jQuery' short='Flush (empty) the cache of matched input&apos;s autocompleters.' name='flushCache'>
<desc>Flush (empty) the cache of matched input's autocompleters.</desc>
<examples>
<code>jQuery('input#suggest').flushCache();</code>
</examples>
</method>
<method cat='Plugins/Autocomplete' type='jQuery' short='Updates the options for the current autocomplete field.' name='setOptions'>
<desc>Updates the options for the current autocomplete field. This allows 
you to change things like the URL, max items to display, etc. If you're
changing the URL, be sure to remember to call the flushCache() method.</desc>
<examples>
<desc>Changes the maximum number of items to display to 15.</desc>
<code>jQuery('input#suggest').setOptions({
 max: 15
});</code>
</examples>
</method>
</cat>
<cat value='Format'>
<method cat='Plugins/Format' type='String' short='Extends jQuery&apos;s built-in html method to accept additional
arguments and use them to replace any percent-signs found in the
html string.' name='html'>
<desc>Extends jQuery's built-in html method to accept additional
arguments and use them to replace any percent-signs found in the
html string.</desc>
<params type='String' name='html'>
<desc>The HTML to set and format</desc>
</params>
<params type='String' name='[...]'>
<desc>Any number of arguments to place into the HTML</desc>
</params>
<examples>
<desc>Basic usage example</desc>
<code>jQuery("div").html("Hi &lt;strong&gt;%&lt;/strong&gt; in the year %?", name, new Date().getYear() + 1900);</code>
<result>[ &lt;div&gt;Hi &lt;strong&gt;Peter&lt;/strong&gt; in the year 2007?&lt;/div&gt; ]</result>
</examples>
<examples>
<desc>Escaping of placeholder</desc>
<code>jQuery("div").html("% %% done.", 56);</code>
<result>[ &lt;div&gt;56 % done.&lt;/div&gt; ]</result>
</examples>
</method>
<method cat='Plugins/Format' type='String' short='Extends jQuery&apos;s built-in text method to accept additional
arguments and use them to replace any percent-signs found in the
text string.' name='text'>
<desc>Extends jQuery's built-in text method to accept additional
arguments and use them to replace any percent-signs found in the
text string.</desc>
<params type='String' name='text'>
<desc>The text to set and format</desc>
</params>
<params type='String' name='[...]'>
<desc>Any number of arguments to place into the text</desc>
</params>
<examples>
<desc>Basic usage example</desc>
<code>jQuery("div").text("Hi &lt;strong&gt;%&lt;/strong&gt; in the year %?", "Peter", new Date().getYear() + 1900);</code>
<result>[ &lt;div&gt;Hi &amp;lt;strong&amp;gt;Peter&amp;lt;/strong&amp;gt; in the year 2007?&lt;/div&gt; ]</result>
</examples>
<examples>
<desc>Escaping of placeholder</desc>
<code>jQuery("div").text("% %% done.", 56);</code>
<result>[ &lt;div&gt;56 % done.&lt;/div&gt; ]</result>
</examples>
</method>
<method cat='Plugins/Format' type='String' short='The formatter used by extended text() and html().' name='jQuery.format'>
<desc>The formatter used by extended text() and html(). It replaces all
placeholders found in the first argument by the elements of the array from the
second argument. Would be the base to extend other HTML transforming methods
as append().</desc>
<params type='String' name='value'>
<desc>A template, containing percent-characters to indicate placeholders</desc>
</params>
<params type='Array&lt;String&gt;' name='[...]'>
<desc>An array of strings to replace the placeholders with</desc>
</params>
</method>
</cat>
<cat value='Metadata'>
<method cat='Plugins/Metadata' type='undefined' descr='Sets the type of encoding to be used when loading metadata for the first time' see='data()' short='Sets the type of metadata to use.' name='$.meta.setType'>
<desc>Sets the type of metadata to use. Metadata is encoded in JSON, and each property
in the JSON will become a property of the element itself.

There are three supported types of metadata storage:

  attr:  Inside an attribute. The name parameter indicates *which* attribute.
         
  class: Inside the class attribute, wrapped in curly braces: { }
  
  elem:  Inside a child element (e.g. a script tag). The
         name parameter indicates *which* element.
         
The metadata for an element is loaded the first time the element is accessed via jQuery.

As a result, you can define the metadata type, use $(expr) to load the metadata into the elements
matched by expr, then redefine the metadata type and run another $(expr) for other elements.</desc>
<params type='String' name='type'>
<desc>The encoding type</desc>
</params>
<params type='String' name='name'>
<desc>The name of the attribute to be used to get metadata (optional)</desc>
</params>
<examples after='$("#one").data().item_id == 1; $("#one")[0].item_label == "Label"'>
<desc>Reads metadata from the class attribute</desc>
<before>$.meta.setType("class")</before>
<code>&lt;p id="one" class="some_class {item_id: 1, item_label: 'Label'}"&gt;This is a p&lt;/p&gt;</code>
</examples>
<examples after='$("#one").data().item_id == 1; $("#one")[0].item_label == "Label"'>
<desc>Reads metadata from a "data" attribute</desc>
<before>$.meta.setType("attr", "data")</before>
<code>&lt;p id="one" class="some_class" data="{item_id: 1, item_label: 'Label'}"&gt;This is a p&lt;/p&gt;</code>
</examples>
<examples after='$("#one").data().item_id == 1; $("#one")[0].item_label == "Label"'>
<desc>Reads metadata from a nested script element</desc>
<before>$.meta.setType("elem", "script")</before>
<code>&lt;p id="one" class="some_class"&gt;&lt;script&gt;{item_id: 1, item_label: 'Label'}&lt;/script&gt;This is a p&lt;/p&gt;</code>
</examples>
</method>
<method cat='Plugins/Metadata' type='jQuery' descr='Returns element&apos;s metadata object' short='Returns the metadata object for the first member of the jQuery object.' name='data'>
<desc>Returns the metadata object for the first member of the jQuery object.</desc>
</method>
</cat>
<cat value='Tooltip'>
<method cat='Plugins/Tooltip' type='jQuery' author='J�rn Zaefferer (http://bassistance.de)' short='Display a customized tooltip instead of the default one
for every selected element.' name='Tooltip'>
<options type='Number' name='delay'>
<desc>The number of milliseconds before a tooltip is display, default is 250</desc>
</options>
<options type='String' name='event'>
<desc>The event on which the tooltip is displayed, default is "mouseover", "click" works fine, too</desc>
</options>
<options type='Boolean' name='track'>
<desc>If true, let the tooltip track the mousemovement, default is false</desc>
</options>
<options type='Boolean' name='showURL'>
<desc>If true, shows the href or src attribute within p.url, default is true</desc>
</options>
<options type='String' name='showBody'>
<desc>If specified, uses the String to split the title, displaying the first part in the h3 tag, all following in the p.body tag, separated with &lt;br/&gt;s, default is null</desc>
</options>
<options type='String' name='extraClass'>
<desc>If specified, adds the class to the tooltip helper, default is null</desc>
</options>
<options type='Boolean' name='fixPNG'>
<desc>If true, fixes transparent PNGs in IE, default is false</desc>
</options>
<options type='Function' name='bodyHandler'>
<desc>TODO document me</desc>
</options>
<desc>Display a customized tooltip instead of the default one
for every selected element. The tooltip behaviour mimics
the default one, but lets you style the tooltip and
specify the delay before displaying it.

In addition, it displays the href value, if it is available.

To style the tooltip, use these selectors in your stylesheet:

#tooltip - The tooltip container

#tooltip h3 - The tooltip title

#tooltip p.body - The tooltip body, shown when using showBody

#tooltip p.url - The tooltip url, shown when using showURL</desc>
<params type='Object' name='settings'>
<desc>(optional) Customize your Tooltips</desc>
</params>
<examples>
<desc>Shows tooltips for anchors, inputs and images, if they have a title</desc>
<code>$('a, input, img').Tooltip();</code>
</examples>
<examples>
<desc>Shows tooltips for labels with no delay, tracking mousemovement, displaying the tooltip when the label is clicked.</desc>
<code>$('label').Tooltip({
  delay: 0,
  track: true,
  event: "click"
});</code>
</examples>
<examples>
<desc>This example starts with modifying the global settings, applying them to all following Tooltips; Afterwards, Tooltips for anchors with class pretty are created with an extra class for the Tooltip: "fancy" for anchors, "fancy-img" for images</desc>
<code>// modify global settings
$.extend($.fn.Tooltip.defaults, {
	track: true,
	delay: 0,
	showURL: false,
	showBody: " - ",
 fixPNG: true
});
// setup fancy tooltips
$('a.pretty').Tooltip({
	 extraClass: "fancy"
});
 $('img.pretty').Tooltip({
	 extraClass: "fancy-img",
});</code>
</examples>
</method>
</cat>
<cat value='Treeview'>
<method cat='Plugins/Treeview' type='jQuery' short='Takes an unordered list and makes all branches collapsable.' name='Treeview'>
<options type='String|Number' name='speed'>
<desc>Speed of animation, see animate() for details. Default: none, no animation</desc>
</options>
<options type='Boolean' name='collapsed'>
<desc>Start with all branches collapsed. Default: none, all expanded</desc>
</options>
<options type='&lt;Content&gt;' name='control'>
<desc>Container for a treecontrol, see last example.</desc>
</options>
<options type='Boolean' name='unique'>
<desc>Set to allow only one branch on one level to be open (closing siblings which opening). Default: none</desc>
</options>
<options type='Function' name='toggle'>
<desc>Callback when toggling a branch. Arguments: "this" refers to the UL that was shown or hidden. Works only with speed option set (set speed: 1 to enable callback without animations). Default: none</desc>
</options>
<options type='Boolean|Object' name='store'>
<desc>When set, stores the tree-state in a cookie when leaving/reloading the page, and restoring that state when loading the page. By default, no state is stored. Only one tree-per-page can be stored. When specifying the option as a boolean-true, the default setting for cookie-storage is used, saving the state for the browser session. To set a different expiration, set the option to an object with a "expiration" property. Refer to the cookie plugin for details about possible values of that object.</desc>
</options>
<desc>Takes an unordered list and makes all branches collapsable.

The "treeview" class is added if not already present.

To hide branches on first display, mark their li elements with
the class "closed". If the "collapsed" option is used, mark intially open
branches with class "open".</desc>
<params type='Map' name='options'>
<desc>Optional settings to configure treeview</desc>
</params>
<examples>
<desc>The following styles are necessary in your stylesheet. There is are alternative sets of images available.</desc>
<code>.treeview, .treeview ul { 
	padding: 0;
	margin: 0;
	list-style: none;
}	

.treeview li { 
	margin: 0;
	padding: 4px 0 3px 20px;
}

.treeview li { background: url(images/tv-item.gif) 0 0 no-repeat; }
.treeview .collapsable { background-image: url(images/tv-collapsable.gif); }
.treeview .expandable { background-image: url(images/tv-expandable.gif); }
.treeview .last { background-image: url(images/tv-item-last.gif); }
.treeview .lastCollapsable { background-image: url(images/tv-collapsable-last.gif); }
.treeview .lastExpandable { background-image: url(images/tv-expandable-last.gif); }</code>
</examples>
<examples>
<desc>Basic usage example</desc>
<code>$("ul").Treeview();</code>
<before>&lt;ul&gt;
  &lt;li&gt;Item 1
    &lt;ul&gt;
      &lt;li&gt;Item 1.1&lt;/li&gt;
    &lt;/ul&gt;
  &lt;/li&gt;
  &lt;li class="closed"&gt;Item 2 (starts closed)
    &lt;ul&gt;
      &lt;li&gt;Item 2.1
        &lt;ul&gt;
          &lt;li&gt;Item 2.1.1&lt;/li&gt;
          &lt;li&gt;Item 2.1.2&lt;/li&gt;
        &lt;/ul&gt;
      &lt;/li&gt;
      &lt;li&gt;Item 2.2&lt;/li&gt;
    &lt;/ul&gt;
  &lt;/li&gt;
  &lt;li&gt;Item 3&lt;/li&gt;
&lt;/ul&gt;</before>
</examples>
<examples>
<desc>Create a treeview that starts collapsed. Toggling branches is animated.</desc>
<code>$("ul").Treeview({ speed: "fast", collapsed: true});</code>
<before>&lt;ul&gt;
  &lt;li class="open"&gt;Item 1 (starts open)
    &lt;ul&gt;
      &lt;li&gt;Item 1.1&lt;/li&gt;
    &lt;/ul&gt;
  &lt;/li&gt;
  &lt;li&gt;Item 2
    &lt;ul&gt;
      &lt;li&gt;Item 2.1&lt;/li&gt;
      &lt;li&gt;Item 2.2&lt;/li&gt;
    &lt;/ul&gt;
  &lt;/li&gt;
&lt;/ul&gt;</before>
</examples>
<examples>
<desc>Creates a treeview that can be controlled with a few links.
Very likely to be changed/improved in future versions.</desc>
<code>$("ul").Treeview({ control: #treecontrol });</code>
<before>&lt;div id="treecontrol"&gt;
  &lt;a href="#"&gt;Collapse All&lt;/a&gt;
  &lt;a href="#"&gt;Expand All&lt;/a&gt;
  &lt;a href="#"&gt;Toggle All&lt;/a&gt;
&lt;/div&gt;</before>
</examples>
</method>
</cat>
<cat value='Validate'>
<cat value='Methods'>
<method property='1' cat='Plugins/Validate/Methods' type='Object&lt;String, Function(String,Element,Object):Boolean&gt;' short='Defines a standard set of useful validation methods.' name='jQuery.validator.methods'>
<desc>Defines a standard set of useful validation methods.

Use jQuery.validator.addMethod() to add your own methods.

If "all kind of text inputs" is mentioned for any if the methods defined here,
it refers to input elements of type text, password and file and textareas.</desc>
<params type='String' name='value'>
<desc>The trimmed value of the element, eg. the text of a text input (trimmed: whitespace removed at start and end)</desc>
</params>
<params type='Element' name='element'>
<desc>the input element itself, to check for content of attributes other then value</desc>
</params>
<params type='Object' name='paramater'>
<desc>Some parameter, like a number for min/max rules</desc>
</params>
</method>
<method cat='Plugins/Validate/Methods' type='Boolean' short='Return false if the element is empty.' name='jQuery.validator.methods.required'>
<desc>Return false if the element is empty.

Works with all kind of text inputs, selects, checkboxes and radio buttons.

To force a user to select an option from a select box, provide
an empty options like &lt;option value=""&gt;Choose...&lt;/option&gt;</desc>
<params type='String' name='value'>
<desc>The value of the element to check</desc>
</params>
<params type='Element' name='element'>
<desc>The element to check</desc>
</params>
<params type='Boolean|String|Function' name='param'>
<desc>A boolean "true" makes a field always required; An expression (String) is evaluated in the context of the element's form, making the field required only if the expression returns more then one element. The function is executed with the element as it's only argument: If it returns true, the element is required.</desc>
</params>
<examples>
<desc>Declares an input element that is required.</desc>
<code>&lt;input name="firstname" class="{required:true}" /&gt;</code>
</examples>
<examples>
<desc>Declares an input element required, but only if a radio button with id "other" is checked.
In other words: As long the "#other" isn't checked, the details field is valid.</desc>
<code>&lt;input id="other" type="radio" /&gt;
&lt;input name="details" class="{required:'#other:checked'}" /&gt;</code>
</examples>
<examples>
<desc>Declares an input element "details", required, but only if two other fields
are checked.</desc>
<code>jQuery("#myform").validate({
	rules: {
		details: {
			required: function(element) {
				return jQuery("#other").is(":checked") &amp;&amp; jQuery("#other2").is(":checked");
			}
		}
	}
});</code>
<before>&lt;form id="myform"&gt;
	&lt;input id="other" type="checkbox" /&gt;
	&lt;input id="other2" type="checkbox" /&gt;
	&lt;input name="details" /&gt;
&lt;/form&gt;</before>
</examples>
<examples>
<desc>Specifies a group of radio elements. The validation rule is specified only for the first
element of the group.</desc>
<code>&lt;fieldset&gt;
	&lt;legend&gt;Family&lt;/legend&gt;
	&lt;label for="family_single"&gt;
		&lt;input  type="radio" id="family_single" value="s" name="family" validate="required:true" /&gt;
		Single
	&lt;/label&gt;
	&lt;label for="family_married"&gt;
		&lt;input  type="radio" id="family_married" value="m" name="family" /&gt;
		Married
	&lt;/label&gt;
	&lt;label for="family_divorced"&gt;
		&lt;input  type="radio" id="family_divorced" value="d" name="family" /&gt;
		Divorced
	&lt;/label&gt;
	&lt;label for="family" class="error"&gt;Please select your family status.&lt;/label&gt;
&lt;/fieldset&gt;</code>
</examples>
</method>
<method cat='Plugins/Validate/Methods' type='Boolean' short='Return false, if the element is

- some kind of text input and its value is too short

- a set of checkboxes has not enough boxes checked

- a select and has not enough options selected

Works with all kind of text inputs, checkboxes and select.' name='jQuery.validator.methods.min'>
<desc>Return false, if the element is

- some kind of text input and its value is too short

- a set of checkboxes has not enough boxes checked

- a select and has not enough options selected

Works with all kind of text inputs, checkboxes and select.</desc>
<params type='Number' name='min'>
<desc></desc>
</params>
<examples>
<desc>Declares an optional input element with at least 5 characters (or none at all).</desc>
<code>&lt;input name="firstname" class="{minLength:5}" /&gt;</code>
</examples>
<examples>
<desc>Declares an input element that must have at least 5 characters.</desc>
<code>&lt;input name="firstname" class="{required:true,minLength:5}" /&gt;</code>
</examples>
<examples>
<desc>Specifies a group of checkboxes. To validate, at least two checkboxes must be selected.</desc>
<code>&lt;fieldset&gt;
	&lt;legend&gt;Spam&lt;/legend&gt;
	&lt;label for="spam_email"&gt;
		&lt;input type="checkbox" id="spam_email" value="email" name="spam" validate="required:true,minLength:2" /&gt;
		Spam via E-Mail
	&lt;/label&gt;
	&lt;label for="spam_phone"&gt;
		&lt;input type="checkbox" id="spam_phone" value="phone" name="spam" /&gt;
		Spam via Phone
	&lt;/label&gt;
	&lt;label for="spam_mail"&gt;
		&lt;input type="checkbox" id="spam_mail" value="mail" name="spam" /&gt;
		Spam via Mail
	&lt;/label&gt;
	&lt;label for="spam" class="error"&gt;Please select at least two types of spam.&lt;/label&gt;
&lt;/fieldset&gt;</code>
</examples>
</method>
<method cat='Plugins/Validate/Methods' type='Boolean' short='Return false, if the element is

- some kind of text input and its value is too big

- a set of checkboxes has too many boxes checked

- a select and has too many options selected

Works with all kind of text inputs, checkboxes and selects.' name='jQuery.validator.methods.max'>
<desc>Return false, if the element is

- some kind of text input and its value is too big

- a set of checkboxes has too many boxes checked

- a select and has too many options selected

Works with all kind of text inputs, checkboxes and selects.</desc>
<params type='Number' name='max'>
<desc></desc>
</params>
<examples>
<desc>Declares an input element with at most 5 characters.</desc>
<code>&lt;input name="firstname" class="{maxLength:5}" /&gt;</code>
</examples>
<examples>
<desc>Declares an input element that must have at least one and at most 5 characters.</desc>
<code>&lt;input name="firstname" class="{required:true,maxLength:5}" /&gt;</code>
</examples>
</method>
<method cat='Plugins/Validate/Methods' type='Boolean' short='Return false, if the element is

- some kind of text input and its value is too short or too long

- a set of checkboxes has not enough or too many boxes checked

- a select and has not enough or too many options selected

Works with all kind of text inputs, checkboxes and selects.' name='jQuery.validator.methods.rangeLength'>
<desc>Return false, if the element is

- some kind of text input and its value is too short or too long

- a set of checkboxes has not enough or too many boxes checked

- a select and has not enough or too many options selected

Works with all kind of text inputs, checkboxes and selects.</desc>
<params type='Array&lt;Number&gt;' name='min/max'>
<desc></desc>
</params>
<examples>
<desc>Declares an optional input element with at least 3 and at most 5 characters (or none at all).</desc>
<code>&lt;input name="firstname" class="{rangeLength:[3,5]}" /&gt;</code>
</examples>
<examples>
<desc>Declares an input element that must have at least 3 and at most 5 characters.</desc>
<code>&lt;input name="firstname" class="{required:true,rangeLength:[3,5]}" /&gt;</code>
</examples>
<examples>
<desc>Specifies a select that must have at least two but no more then three options selected.</desc>
<code>&lt;select id="cars" class="{required:true,rangeLength:[2,3]}" multiple="multiple"&gt;
	&lt;option value="m_sl"&gt;Mercedes SL&lt;/option&gt;
	&lt;option value="o_c"&gt;Opel Corsa&lt;/option&gt;
	&lt;option value="vw_p"&gt;VW Polo&lt;/option&gt;
	&lt;option value="t_s"&gt;Titanic Skoda&lt;/option&gt;
&lt;/select&gt;</code>
</examples>
</method>
<method cat='Plugins/Validate/Methods' type='Boolean' short='Return true, if the value is greater than or equal to the specified minimum.' name='jQuery.validator.methods.minValue'>
<desc>Return true, if the value is greater than or equal to the specified minimum.

Works with all kind of text inputs.</desc>
<params type='Number' name='min'>
<desc></desc>
</params>
<examples>
<desc>Declares an optional input element whose value must be at least 16 (or none at all).</desc>
<code>&lt;input name="age" class="{minValue:16}" /&gt;</code>
</examples>
<examples>
<desc>Declares an input element whose value must be at least 16.</desc>
<code>&lt;input name="age" class="{required:true,minValue:16}" /&gt;</code>
</examples>
</method>
<method cat='Plugins/Validate/Methods' type='Boolean' short='Return true, if the value is less than or equal to the specified maximum.' name='jQuery.validator.methods.maxValue'>
<desc>Return true, if the value is less than or equal to the specified maximum.

Works with all kind of text inputs.</desc>
<params type='Number' name='max'>
<desc></desc>
</params>
<examples>
<desc>Declares an optional input element whose value must be at most 16 (or none at all).</desc>
<code>&lt;input name="age" class="{maxValue:16}" /&gt;</code>
</examples>
<examples>
<desc>Declares an input element whose required value must be at most 16.</desc>
<code>&lt;input name="age" class="{required:true,maxValue:16}" /&gt;</code>
</examples>
</method>
<method cat='Plugins/Validate/Methods' type='Boolean' short='Return true, if the value is in the specified range.' name='jQuery.validator.methods.rangeValue'>
<desc>Return true, if the value is in the specified range.

Works with all kind of text inputs.</desc>
<params type='Array&lt;Number&gt;' name='min/max'>
<desc></desc>
</params>
<examples>
<desc>Declares an optional input element whose value must be at least 4 and at most 12 (or none at all).</desc>
<code>&lt;input name="age" class="{rangeValue:[4,12]}" /&gt;</code>
</examples>
<examples>
<desc>Declares an input element whose required value must be at least 4 and at most 12.</desc>
<code>&lt;input name="age" class="{required:true,rangeValue:[4,12]}" /&gt;</code>
</examples>
</method>
<method cat='Plugins/Validate/Methods' type='Boolean' short='Return true, if the value is not a valid email address.' name='jQuery.validator.methods.email'>
<desc>Return true, if the value is not a valid email address.

Works with all kind of text inputs.</desc>
<examples>
<desc>Declares an optional input element whose value must be a valid email address (or none at all).</desc>
<code>&lt;input name="email1" class="{email:true}" /&gt;</code>
</examples>
<examples>
<desc>Declares an input element whose value must be a valid email address.</desc>
<code>&lt;input name="email1" class="{required:true,email:true}" /&gt;</code>
</examples>
</method>
<method cat='Plugins/Validate/Methods' type='Boolean' short='Return true, if the value is a valid url.' name='jQuery.validator.methods.url'>
<desc>Return true, if the value is a valid url.

Works with all kind of text inputs.

See http://www.w3.org/Addressing/rfc1738.txt for URL specification.</desc>
<examples>
<desc>Declares an optional input element whose value must be a valid URL (or none at all).</desc>
<code>&lt;input name="homepage" class="{url:true}" /&gt;</code>
</examples>
<examples>
<desc>Declares an input element whose value must be a valid URL.</desc>
<code>&lt;input name="homepage" class="{required:true,url:true}" /&gt;</code>
</examples>
</method>
<method cat='Plugins/Validate/Methods' type='Boolean' short='Return true, if the value is a valid date.' name='jQuery.validator.methods.date'>
<desc>Return true, if the value is a valid date. Uses JavaScripts built-in
Date to test if the date is valid, and is therefore very limited.

Works with all kind of text inputs.</desc>
<examples>
<desc>Declares an optional input element whose value must be a valid date (or none at all).</desc>
<code>&lt;input name="birthdate" class="{date:true}" /&gt;</code>
</examples>
<examples>
<desc>Declares an input element whose value must be a valid date.</desc>
<code>&lt;input name="birthdate" class="{required:true,date:true}" /&gt;</code>
</examples>
</method>
<method cat='Plugins/Validate/Methods' type='Boolean' short='Return true, if the value is a valid date, according to ISO date standard.' name='jQuery.validator.methods.date'>
<desc>Return true, if the value is a valid date, according to ISO date standard.

Works with all kind of text inputs.</desc>
<examples>
<code>jQuery.validator.methods.date("1990/01/01")</code>
<result>true</result>
</examples>
<examples>
<code>jQuery.validator.methods.date("1990-01-01")</code>
<result>true</result>
</examples>
<examples>
<code>jQuery.validator.methods.date("01.01.1990")</code>
<result>false</result>
</examples>
<examples>
<desc>Declares an optional input element whose value must be a valid ISO date (or none at all).</desc>
<code>&lt;input name="birthdate" class="{dateISO:true}" /&gt;</code>
</examples>
</method>
<method cat='Plugins/Validate/Methods' type='Boolean' short='Return true, if the value is a valid date.' name='jQuery.validator.methods.dateDE'>
<desc>Return true, if the value is a valid date. Supports german
dates (29.04.1994 or 1.1.2006). Doesn't make any sanity checks.

Works with all kind of text inputs.</desc>
<examples>
<code>jQuery.validator.methods.date("1990/01/01")</code>
<result>false</result>
</examples>
<examples>
<code>jQuery.validator.methods.date("01.01.1990")</code>
<result>true</result>
</examples>
<examples>
<code>jQuery.validator.methods.date("0.1.2345")</code>
<result>true</result>
</examples>
<examples>
<desc>Declares an optional input element whose value must be a valid german date (or none at all).</desc>
<code>&lt;input name="geburtstag" class="{dateDE:true}" /&gt;</code>
</examples>
</method>
<method cat='Plugins/Validate/Methods' type='Boolean' short='Return true, if the value is a valid number.' name='jQuery.validator.methods.number'>
<desc>Return true, if the value is a valid number. Checks for
international number format, eg. 100,000.59

Works with all kind of text inputs.</desc>
<examples>
<desc>Declares an optional input element whose value must be a valid number (or none at all).</desc>
<code>&lt;input name="amount" class="{number:true}" /&gt;</code>
</examples>
</method>
<method cat='Plugins/Validate/Methods' type='Boolean' short='Return true, if the value is a valid number.' name='jQuery.validator.methods.numberDE'>
<desc>Return true, if the value is a valid number.

Works with all kind of text inputs.

Checks for german numbers (100.000,59)</desc>
<examples>
<desc>Declares an optional input element whose value must be a valid german number (or none at all).</desc>
<code>&lt;input name="menge" class="{numberDE:true}" /&gt;</code>
</examples>
</method>
<method cat='Plugins/Validate/Methods' type='Boolean' short='Returns true if the value contains only digits.' name='jQuery.validator.methods.digits'>
<desc>Returns true if the value contains only digits.

Works with all kind of text inputs.</desc>
<examples>
<desc>Declares an optional input element whose value must contain only digits (or none at all).</desc>
<code>&lt;input name="serialnumber" class="{digits:true}" /&gt;</code>
</examples>
</method>
<method cat='Plugins/Validate/Methods' type='Boolean' short='Returns true if the value ends with one of the specified file extensions.' name='jQuery.validator.methods.accept'>
<desc>Returns true if the value ends with one of the specified file extensions.
If nothing is specified, only images are allowed (default-param: "png|jpe?g|gif").

Works with all kind of text inputs.</desc>
<examples>
<desc>Declares an optional file input element whose value must ends with '.png', '.jpg', '.jpeg' or '.gif'.</desc>
<code>&lt;input type="file" name="avatar" class="{accept:true}" /&gt;</code>
</examples>
<examples>
<desc>Declares an optional file input element whose value must ends with '.txt' or '.doc' or '.docx'.</desc>
<code>&lt;input type="file" name="avatar" class="{accept:'txt|docx?'}" /&gt;</code>
</examples>
</method>
<method cat='Plugins/Validate/Methods' type='Boolean' short='Returns true if the value has the same value
as the element specified by the first parameter.' name='jQuery.validator.methods.digits'>
<desc>Returns true if the value has the same value
as the element specified by the first parameter.

Keep the expression simple to avoid spaces when using metadata.

Works with all kind of text inputs.</desc>
<params type='String' name='selection'>
<desc>A jQuery expression</desc>
</params>
<examples>
<desc>Declares two input elements: The first must contain a valid email address,
the second must contain the same adress, enter once more. The paramter is a
expression used via jQuery to select the element.</desc>
<code>&lt;input name="email" id="email" class="{required:true,email:true'}" /&gt;
&lt;input name="emailAgain" class="{equalTo:'#email'}" /&gt;</code>
</examples>
</method>
</cat>
<method cat='Plugins/Validate' type='$.validator' short='Validates a single form.' name='validate'>
<options type='String' name='errorClass'>
<desc>Use this class to look for existing error labels and add it to invalid elements. Default: "error"</desc>
</options>
<options type='String' name='wrapper'>
<desc>Wrap error labels with the specified element, eg "li". Default: none</desc>
</options>
<options type='Boolean' name='debug'>
<desc>If true, the form is not submitted and certain errors are display on the console (requires Firebug or Firebug lite). Default: none</desc>
</options>
<options type='Boolean' name='focusInvalid'>
<desc>Focus the last active or first invalid element on submit or via validator.focusInvalid(). Default: true</desc>
</options>
<options type='Function' name='submitHandler'>
<desc>Callback for handling the actual submit when the form is valid. Gets the form as the only argmument. Default: normal form submit</desc>
</options>
<options type='Map' name='messages'>
<desc>Key/value pairs defining custom messages. Key is the ID or name (for radio/checkbox inputs) of an element, value the message to display for that element. Instead of a plain message another map with specific messages for each rule can be used. Can be specified for one or more elements. Can be overriden by specifying the title attribute on the element. Default: none, the default message for the method is used.</desc>
</options>
<options type='Map' name='rules'>
<desc>Key/value pairs defining custom rules. Key is the ID or name (for radio/checkbox inputs) of an element, value is an object consisting of rule/parameter pairs, eg. {required: true, min: 3}. Once specified, metadata rules are completely ignored. Default: none, rules are read from metadata via metadata plugin</desc>
</options>
<options type='String' name='event'>
<desc>The event on which to validate. If anything is specified, like blur or keyup, each element is validated on that event. Default: none</desc>
</options>
<options type='Boolean' name='onsubmit'>
<desc>Validate the form on submit. Set to false to use only other events for validation (option event). Default: true</desc>
</options>
<options type='String' name='meta'>
<desc>In case you use metadata for other plugins, too, you want to wrap your validation rules into their own object that can be specified via this option. Default: none</desc>
</options>
<options type='jQuery' name='errorContainer'>
<desc>Hide and show this container when validating. Default: none</desc>
</options>
<options type='jQuery' name='errorLabelContainer'>
<desc>Search and append error labels to this container, and show and hide it accordingly. Default: none</desc>
</options>
<options type='Function' name='showErrors'>
<desc>A custom message display handler. Gets the map of errors as the first argument and a refernce to the validator object as the second. You can trigger (in addition to your own messages) the default behaviour by calling the defaultShowErrors() method of the validator. Default: none, uses built-in message disply.</desc>
</options>
<options type='Function' name='errorPlacement'>
<desc>Used to customize placement of created error labels. First argument: jQuery object containing the created error label Second argument: jQuery object containing the invalid element Default: Places the error label after the invalid element</desc>
</options>
<options type='String' name='errorElement'>
<desc>The element to use for generated error messages. Default: "label".</desc>
</options>
<desc>Validates a single form.

The normal behaviour is to validate a form when a submit button is clicked or
the user presses enter when an input of that form is focused.

It is also possible to validate each individual element of that form, eg. on blur or keyup.</desc>
<params type='Map' name='options'>
<desc>Optional settings to configure validation</desc>
</params>
<examples>
<desc>Validates a form on submit. Rules are read from metadata.</desc>
<code>$("#myform").validate();</code>
<before>&lt;form id="myform"&gt;
  &lt;input name="firstname" class="{required:true}" /&gt;
&lt;/form&gt;</before>
</examples>
<examples>
<desc>Validates all input elements on blur event (when the element looses focus).
Deactivates focus of invalid elements.</desc>
<code>$("input").validate({
		focusInvalid: false,
		event: "blur"
});</code>
</examples>
<examples>
<desc>Uses form plugin's ajaxSubmit method to handle the form submit, while preventing
the default submit.</desc>
<code>$("#myform").validate({
  submitHandler: function(form) {
  	$(form).ajaxSubmit();
  }
});</code>
</examples>
<examples>
<desc>Validate a form on submit and each element on keyup. Rules are specified
for three elements, and a message is customized for the "password" and the
"age" elements. Inline rules are ignored. The password is only required when the age is lower
then 18. The age is only required when the firstname is blank.</desc>
<code>$("#myform").validate({
 event: "keyup"
	rules: {
		firstname: { required: true },
		age: {
			required: "#firstname:blank",
			number: true,
			minValue: 3
		},
		password: {
			required: function() {
				return $("#age").val() &lt; 18;
			},
			minLength: 5,
			maxLength: 32
		}
	},
 messages {
		password: {
			required: "Your password is required because you are not yet 18 years or older."
			minLength: "Please enter a password at least 5 characters long.",
			maxLength: "Please enter a password no longer then 32 characters long."
		},
		age: "Please specify your age as a number (at least 3)."
	}
});</code>
</examples>
<examples>
<desc>Validates a form on submit. The class used to search, create and display
error labels is changed to "invalid". This is also added to invalid elements.

All error labels are displayed inside an unordered list with the ID "messageBox", as
specified by the jQuery object passed as errorContainer option. All error elements
are wrapped inside an li element, to create a list of messages.

To ease the setup of the form, debug option is set to true, preventing a submit
of the form no matter of being valid or not.</desc>
<before>&lt;ul id="messageBox"&gt;&lt;/ul&gt;
&lt;form id="myform" action="/login" method="post"&gt;
  &lt;label&gt;Firstname&lt;/label&gt;
  &lt;input name="fname" class="{required:true}" /&gt;
  &lt;label&gt;Lastname&lt;/label&gt;
  &lt;input name="lname" title="Your lastname, please!" class="{required:true}" /&gt;
&lt;/form&gt;</before>
<code>$("#myform").validate({
  errorClass: "invalid",
  errorLabelContainer: $("#messageBox"),
  wrapper: "li"
});</code>
<result>&lt;ul id="messageBox"&gt;
  &lt;li&gt;&lt;label for="fname" class="invalid"&gt;Please specify your firstname!&lt;/label&gt;&lt;/li&gt;
  &lt;li&gt;&lt;label for="lname" class="invalid"&gt;Your lastname, please!&lt;/label&gt;&lt;/li&gt;
&lt;/ul&gt;
&lt;form id="myform" action="/login" method="post"&gt;
  &lt;label&gt;Firstname&lt;/label&gt;
  &lt;input name="fname" class="{required:true} invalid" /&gt;
  &lt;label&gt;Lastname&lt;/label&gt;
  &lt;input name="lname" title="Your lastname, please!" class="{required:true} invalid" /&gt;
&lt;/form&gt;</result>
</examples>
<examples>
<desc>Validates a form on submit. Customizes the placement of the generated labels
by appending them to the next table cell.</desc>
<before>&lt;form id="myform" action="/login" method="post"&gt;
	&lt;table&gt;
		&lt;tr&gt;
			&lt;td&gt;&lt;label&gt;Firstname&lt;/label&gt;
			&lt;td&gt;&lt;input name="fname" class="{required:true}" /&gt;&lt;/td&gt;
			&lt;td&gt;&lt;/td&gt;
		&lt;/tr&gt;
		&lt;tr&gt;
			&lt;td&gt;&lt;label&gt;Lastname&lt;/label&gt;&lt;/td&gt;
			&lt;td&gt;&lt;input name="lname" title="Your lastname, please!" class="{required:true}" /&gt;&lt;/td&gt;
			&lt;td&gt;&lt;/td&gt;
		&lt;/tr&gt;
	&lt;/table&gt;
&lt;/form&gt;</before>
<code>$("#myform").validate({
	errorPlacement: function(error, element) {
		error.appendTo( element.parent("td").next("td") );
	}
});</code>
<result>&lt;form id="myform" action="/login" method="post"&gt;
	&lt;table&gt;
		&lt;tr&gt;
			&lt;td&gt;&lt;label&gt;Firstname&lt;/label&gt;
			&lt;td&gt;&lt;input name="fname" class="{required:true}" /&gt;&lt;/td&gt;
			&lt;td&gt;&lt;label for="fname" class="invalid"&gt;Please specify your firstname!&lt;/label&gt;&lt;/td&gt;
		&lt;/tr&gt;
		&lt;tr&gt;
			&lt;td&gt;&lt;label&gt;Lastname&lt;/label&gt;&lt;/td&gt;
			&lt;td&gt;&lt;input name="lname" title="Your lastname, please!" class="{required:true}" /&gt;&lt;/td&gt;
			&lt;td&gt;&lt;label for="lname" class="invalid"&gt;Your lastname, please!&lt;/label&gt;&lt;/td&gt;
		&lt;/tr&gt;
	&lt;/table&gt;
&lt;/form&gt;</result>
</examples>
<examples>
<desc>Validates a form on submit. Similar to the above example, but with an additional
container for error messages. The elements given as the errorContainer are all shown
and hidden when errors occur. But the error labels themselve are added to the element(s)
given as errorLabelContainer, here an unordered list. Therefore the error labels are
also wrapped into li elements (wrapper option).</desc>
<before>&lt;div id="messageBox1"&gt;
  &lt;h3&gt;The are errors in your form!&lt;/h3&gt;
  &lt;ul&gt;&lt;/ul&gt;
&lt;/div&gt;
&lt;form id="myform" action="/login" method="post"&gt;
  &lt;label&gt;Firstname&lt;/label&gt;
  &lt;input name="fname" class="{required:true}" /&gt;
  &lt;label&gt;Lastname&lt;/label&gt;
  &lt;input name="lname" title="Your lastname, please!" class="{required:true}" /&gt;
&lt;/form&gt;
&lt;div id="messageBox2"&gt;
  &lt;h3&gt;The are errors in your form, see details above!&lt;/h3&gt;
&lt;/div&gt;</before>
<code>$("#myform").validate({
  errorContainer: $("#messageBox1, #messageBox2"),
  errorLabelContainer: $("#messageBox1 ul"),
  wrapper: "li",
});</code>
<result>&lt;ul id="messageBox"&gt;
  &lt;li&gt;&lt;label for="fname" class="error"&gt;Please specify your firstname!&lt;/label&gt;&lt;/li&gt;
  &lt;li&gt;&lt;label for="lname" class="error"&gt;Your lastname, please!&lt;/label&gt;&lt;/li&gt;
&lt;/ul&gt;
&lt;form id="myform" action="/login" method="post"&gt;
  &lt;label&gt;Firstname&lt;/label&gt;
  &lt;input name="fname" class="{required:true} error" /&gt;
  &lt;label&gt;Lastname&lt;/label&gt;
  &lt;input name="lname" title="Your lastname, please!" class="{required:true} error" /&gt;
&lt;/form&gt;</result>
</examples>
</method>
<method property='1' cat='Plugins/Validate' type='String' short='Custom expression to filter for blank fields.' name=':blank'>
<desc>Custom expression to filter for blank fields.</desc>
<examples>
<code>jQuery("input:blank").length</code>
<result>2</result>
<before>&lt;input value="" /&gt;&lt;input value="  " /&gt;&lt;input value="abc" /&gt;</before>
</examples>
</method>
<method property='1' cat='Plugins/Validate' type='String' short='Custom expression to filter for filled fields.' name=':filled'>
<desc>Custom expression to filter for filled fields.</desc>
<examples>
<code>jQuery("input:filled").length</code>
<result>1</result>
<before>&lt;input value="" /&gt;&lt;input value="  " /&gt;&lt;input value="abc" /&gt;</before>
</examples>
</method>
<method cat='Plugins/Validate' type='undefined' short='Modify default settings for validation.' name='jQuery.validator.setDefaults'>
<desc>Modify default settings for validation.</desc>
<params type='Object&lt;String,' name='Object&gt;'>
<desc>settings</desc>
</params>
<examples>
<desc>Sets the debug setting for all validation calls following.</desc>
<code>jQuery.validator.setDefaults({
	debug: true
);</code>
</examples>
</method>
<method property='1' cat='Plugins/Validate' type='String' short='Default messages for all default methods.' name='jQuery.validator.messages'>
<desc>Default messages for all default methods.

Use addMethod() to add methods with messages.

Replace these messages for localization.</desc>
</method>
<method cat='Plugins/Validate' type='Boolean True when the form is valid, otherwise false' short='Validate on instant the entire form.' name='jQuery.validator.protoype.form'>
<desc>Validate on instant the entire form.</desc>
<examples>
<desc>Triggers form validation programmatcitally.</desc>
<code>$("#myform").validate().form();</code>
</examples>
</method>
<method cat='Plugins/Validate' type='Boolean True when the form is valid, otherwise false' short='Validate on instant a single element.' name='jQuery.validator.protoype.element'>
<desc>Validate on instant a single element.</desc>
<params type='String|Element' name='element'>
<desc>A selector or an element to validate</desc>
</params>
<examples>
<desc>Triggers validation on a single element programmatically.</desc>
<code>$("#myform").validate().element( "#myselect" );</code>
</examples>
</method>
<method short='Show the specified messages.' name='jQuery.validator.protoype.showErrors' cat='Plugins/Validate'>
<params type='Map' name='errors'>
<desc>One or more key/value pairs of identifiers (IDs or names) and messages</desc>
</params>
<desc>Show the specified messages.</desc>
<examples>
<desc>Adds and shows error message programmatically.</desc>
<code>var validator = $("#myform").validate();
validator.showErrors({"firstname": "I know that your firstname is Pete, Pete!"});</code>
</examples>
</method>
<method short='Resets the controlled form, including resetting input fields
to their original value (requires form plugin), removing classes
indicating invalid elements and hiding error messages.' name='jQuery.validator.protoype.resetForm' cat='Plugins/Validate'>
<desc>Resets the controlled form, including resetting input fields
to their original value (requires form plugin), removing classes
indicating invalid elements and hiding error messages.</desc>
<examples>
<desc>Reset the form controlled by this validator.</desc>
<code>var validator = $("#myform").validate();
validator.resetForm();</code>
</examples>
</method>
<method cat='Plugins/Validate' type='undefined' see='jQuery.validator.methods' short='Add a new validation method.' name='jQuery.validator.addMethod'>
<desc>Add a new validation method. It must consist of a name (must be a legal
javascript identifier), a function and a default message.

Please note: While the temptation is great to
add a regex method that checks it's paramter against the value,
it is much cleaner to encapsulate those regular expressions
inside their own method. If you need lots of slightly different
expressions, try to extract a common parameter.

A library of regular expressions: http://regexlib.com/DisplayPatterns.aspx</desc>
<params type='String' name='name'>
<desc>The name of the method, used to identify and referencing it, must be a valid javascript identifier</desc>
</params>
<params type='Function' name='rule'>
<desc>The actual method implementation, returning true if an element is valid</desc>
</params>
<params type='String' name='message'>
<desc>The default message to display for this method</desc>
</params>
<examples>
<desc>Adds a method that checks if the value starts with http://mycorporatedomain.com</desc>
<code>jQuery.validator.addMethod("domain", function(value) {
  return /^http://mycorporatedomain.com/.test(value);
}, "Please specify the correct domain for your documents");</code>
</examples>
<examples>
<code>jQuery.validator.addMethod("math", function(value, element, params) {
 return value == params[0] + params[1];
}, "Please enter the correct value for this simple question.");</code>
</examples>
</method>
</cat>
</cat>
</docs>
